Allele;Freq.study;Freq. Controls;Freq. CHCs;OR CHCs;OR_CHC_LowerCI;OR_CHC_UpperCI;p-value_CHC;FDR_CHC;Disease;CER;CER_lowerCI;CER_upperCI;p-value_CER;FDR_CER;Freq.literature;OR_literature;OR_literature_LowerCI;OR_literature_UpperCI;p-value_literature
A*01:01;0,174861878453039;0,173959608323133;0,183238636363636;0,790981606498933;0,571419902577902;1,09490743846525;0,157525184923922;0,62670007715933;ATD;-1,87065159088618;-4,73513792064319;0,699425288596353;0,1622;0,635254901960784;0,191110506209547;0,882190729283538;0,854525228013207;0,90985623055387;4,72298e-15
A*01:01;0,174861878453039;0,173959608323133;0,183238636363636;0,790981606498933;0,571419902577902;1,09490743846525;0,157525184923922;0,62670007715933;CD;-0,272711118537182;-0,650571899247929;0,105708774823661;0,165;0,635254901960784;0,191110506209547;0,423241221026381;0,385220327855109;0,461262114197653;1,61111e-78
A*01:01;0,174861878453039;0,173959608323133;0,183238636363636;0,790981606498933;0,571419902577902;1,09490743846525;0,157525184923922;0,62670007715933;Psoriasis;0,480785570240105;-0,177099675558121;1,16405781980738;0,1648;0,635254901960784;0,191110506209547;1,62857109252367;1,53736609534338;1,71977608970396;2,53700999999999e-65
A*02:01;0,294475138121547;0,298653610771114;0,255681818181818;0,736203065404835;0,598863991019102;0,905038475579654;0,00364709590341402;0,0717262194338091;MS;-0,897557448865154;-1,59003650965814;-0,284097453564066;0,00360000000000005;0,0939368421052632;0,261593171126652;0,710914577898066;0,65900652438801;0,762822631408122;5,23277999999999e-20
A*02:01;0,294475138121547;0,298653610771114;0,255681818181818;0,736203065404835;0,598863991019102;0,905038475579654;0,00364709590341402;0,0717262194338091;Psoriasis;1,6968318025805;0,551076242500447;2,98166672300178;0,0046;0,0939368421052632;0,261593171126652;1,1977957587795;1,15331192406629;1,24227959349272;1,64419999999999e-21
A*02:01;0,294475138121547;0,298653610771114;0,255681818181818;0,736203065404835;0,598863991019102;0,905038475579654;0,00364709590341402;0,0717262194338091;CD;1,38373355544723;0,438509981043903;2,64043960401805;0,0036;0,0939368421052632;0,261593171126652;1,24772388565488;1,16215692802593;1,33329084328383;2,52564e-10
A*02:01;0,294475138121547;0,298653610771114;0,255681818181818;0,736203065404835;0,598863991019102;0,905038475579654;0,00364709590341402;0,0717262194338091;AD;10,3606801020749;2,94216947714058;32,9162451097935;0,006;0,0939368421052632;0,281;1,03;1,01;1,05;0,0036
A*03:01;0,170165745856354;0,171052631578947;0,161931818181818;1,11494321922453;0,844601303980678;1,47181679241545;0,442517624968753;0,768596532062504;CD;-0,33110013983993;-1,22222908600555;0,515763380097063;0,4488;0,81371214953271;0,14045930641056;1,38903880396242;1,27819973030006;1,49987787762478;6,94076e-16
A*03:01;0,170165745856354;0,171052631578947;0,161931818181818;1,11494321922453;0,844601303980678;1,47181679241545;0,442517624968753;0,768596532062504;ATD;-1,1536791342708;-4,30122511074917;1,77816816194519;0,4556;0,818392592592593;0,14045930641056;1,09890035222966;1,07292498526379;1,12487571919552;5,29108e-15
A*29:02;0,024171270718232;0,0240208078335373;0,0255681818181818;1,11376537325498;0,673319445338889;1,84232508840949;0,67476889386248;0,948450499566524;Psoriasis;0,171651223430437;-0,620853013449261;0,989907683875548;0,674;0,968107317073171;0,0411751841459953;0,533814969035733;0,485351402678892;0,582278535392573;7,77624e-42
B*07:02;0,149872629493348;0,152412280701754;0,126099706744868;0,778429695591489;0,549185932861743;1,10336546280621;0,159330528091355;0,62670007715933;Psoriasis;-1,26955371049159;-3,17234981618838;0,526763156009465;0,167;0,635254901960784;0,144265533174197;0,820948417804375;0,78156831031278;0,86032852529597;7,54176e-16
B*07:02;0,149872629493348;0,152412280701754;0,126099706744868;0,778429695591489;0,549185932861743;1,10336546280621;0,159330528091355;0,62670007715933;T1D;-0,929250183869374;-2,37489888323029;0,358735059840826;0,1612;0,635254901960784;0,144265533174197;0,763725383585788;0,710253059206983;0,817197707964593;4,50151e-14
B*07:02;0,149872629493348;0,152412280701754;0,126099706744868;0,778429695591489;0,549185932861743;1,10336546280621;0,159330528091355;0,62670007715933;MS;0,721745141989431;-0,28038981555109;1,80092922755997;0,1574;0,635254901960784;0,144265533174197;1,41487756379764;1,30357123987247;1,5261838877228;5,30864e-18
B*07:02;0,149872629493348;0,152412280701754;0,126099706744868;0,778429695591489;0,549185932861743;1,10336546280621;0,159330528091355;0,62670007715933;AS;-0,522672324390603;-1,31628232086292;0,208064188162318;0,1644;0,635254901960784;0,144265533174197;0,619264373338701;0,551058446635727;0,687470300041675;1,48873e-17
B*07:02;0,149872629493348;0,152412280701754;0,126099706744868;0,778429695591489;0,549185932861743;1,10336546280621;0,159330528091355;0,62670007715933;ATD;-2,273793998724;-5,73259562785953;0,93496726277344;0,1606;0,635254901960784;0,144265533174197;0,895692604684364;0,87411504738818;0,917270161980548;3,17823e-19
B*07:02;0,149872629493348;0,152412280701754;0,126099706744868;0,778429695591489;0,549185932861743;1,10336546280621;0,159330528091355;0,62670007715933;RA;-1,56982519921682;-4,03970360214768;0,708486267322243;0,1654;0,635254901960784;0,144265533174197;0,852521372293255;0,816405634289392;0,888637110297118;1,55871e-13
B*08:01;0,136003396546844;0,133145363408521;0,162756598240469;1,22483106571374;0,811399551239369;1,84891788175871;0,334412194232451;0,757881018917359;MS;0,418945068887467;-0,450681438247538;1,37761271718232;0,3362;0,74189010989011;0,141720293516851;0,616263898828286;0,520650752129525;0,711877045527047;9,63515e-10
B*08:01;0,136003396546844;0,133145363408521;0,162756598240469;1,22483106571374;0,811399551239369;1,84891788175871;0,334412194232451;0,757881018917359;ATD;-0,6659013802053;-2,03364277824041;0,700586043858455;0,3456;0,74189010989011;0,141720293516851;1,35602008316204;1,29777175232258;1,41426841400149;6,64707e-44
B*08:01;0,136003396546844;0,133145363408521;0,162756598240469;1,22483106571374;0,811399551239369;1,84891788175871;0,334412194232451;0,757881018917359;Psoriasis;0,382969308034771;-0,393852743837982;1,16135450474014;0,3282;0,74189010989011;0,141720293516851;0,588867546045009;0,538437942253894;0,639297149836124;8,29140999999999e-34
B*08:01;0,136003396546844;0,133145363408521;0,162756598240469;1,22483106571374;0,811399551239369;1,84891788175871;0,334412194232451;0,757881018917359;RA;-0,470100877710737;-1,4507145011541;0,472294471509143;0,326;0,74189010989011;0,141720293516851;1,53941580953741;1,42231614350384;1,65651547557098;1,05137e-28
B*08:01;0,136003396546844;0,133145363408521;0,162756598240469;1,22483106571374;0,811399551239369;1,84891788175871;0,334412194232451;0,757881018917359;CD;-0,24033196730092;-0,732739244373941;0,259032543457344;0,334;0,74189010989011;0,141720293516851;2,32529055238706;2,06169896378686;2,58888214098726;3,23805e-48
B*08:01;0,136003396546844;0,133145363408521;0,162756598240469;1,22483106571374;0,811399551239369;1,84891788175871;0,334412194232451;0,757881018917359;Asthma;-1,48846186383152;-4,79707773406048;1,60143106427371;0,3444;0,74189010989011;0,141720293516851;1,1459683498738;1,10775997737839;1,18417672236922;1,15252e-15
B*08:01;0,136003396546844;0,133145363408521;0,162756598240469;1,22483106571374;0,811399551239369;1,84891788175871;0,334412194232451;0,757881018917359;PMR-GCA;-0,460598562687615;-1,47255619297306;0,480937621929093;0,3406;0,74189010989011;0,141720293516851;1,55317776008199;1,37625938182034;1,73009613834365;3,55596e-14
B*08:01;0,136003396546844;0,133145363408521;0,162756598240469;1,22483106571374;0,811399551239369;1,84891788175871;0,334412194232451;0,757881018917359;T1D;-0,391860943441921;-1,23425024512356;0,412915389371636;0,328;0,74189010989011;0,141720293516851;1,67789159120254;1,48431733238099;1,8714658500241;1,46132e-18
B*13:02;0,0210868949900934;0,0208333333333333;0,0234604105571848;1,09197111041139;0,640238887273237;1,8624312419564;0,746694810199072;0,948450499566524;Psoriasis;-0,11206564809681;-0,783533710425011;0,576831513523159;0,7472;0,968107317073171;0,0174118588625058;2,19265908202925;1,99839413579871;2,38692402825978;1,42187e-67
B*15:01;0,0932635154259836;0,0928884711779449;0,0967741935483871;1,04298759904071;0,781613988237071;1,39176517836674;0,774908120937859;0,948450499566524;T1D;-0,105097886385118;-0,846155674908198;0,60950467533757;0,7716;0,968107317073171;0,060457584767648;1,49253646776572;1,36414191364806;1,62093102188339;7,20925999999999e-20
B*15:01;0,0932635154259836;0,0928884711779449;0,0967741935483871;1,04298759904071;0,781613988237071;1,39176517836674;0,774908120937859;0,948450499566524;ATD;0,181510875078609;-1,08178566876916;1,41635460768975;0,7688;0,968107317073171;0,060457584767648;0,793038903430642;0,764628379879908;0,821449426981376;7,04464999999999e-37
B*15:01;0,0932635154259836;0,0928884711779449;0,0967741935483871;1,04298759904071;0,781613988237071;1,39176517836674;0,774908120937859;0,948450499566524;Asthma;-0,393398258193394;-3,15145478398093;2,34968989068044;0,7818;0,968107317073171;0,060457584767648;1,11292201226986;1,08458875399581;1,14125527054391;1,76603e-16
B*15:01;0,0932635154259836;0,0928884711779449;0,0967741935483871;1,04298759904071;0,781613988237071;1,39176517836674;0,774908120937859;0,948450499566524;Covid;-0,0485402636069346;-0,457830464849397;0,325613103132024;0,7722;0,968107317073171;0,1598;2,38;1,32968515504659;3,43031484495341;3e-05
B*18:01;0,0338239456552505;0,0332080200501253;0,0395894428152493;1,22436635904403;0,806811750598629;1,85802075892731;0,341483975999358;0,757881018917359;Psoriasis;0,696925661553097;-0,763784742012868;2,29760272074521;0,341;0,74189010989011;0,0350668416228113;0,747925428871125;0,680517393079394;0,815333464662855;2,67642e-10
B*18:01;0,0338239456552505;0,0332080200501253;0,0395894428152493;1,22436635904403;0,806811750598629;1,85802075892731;0,341483975999358;0,757881018917359;ATD;-1,23596241405695;-3,98740106387397;1,35628606140407;0,3374;0,74189010989011;0,0350668416228113;1,17795278054618;1,12827460098732;1,22763096010504;2,71018e-14
B*27:05;0,0372204924992924;0,0360275689223058;0,0483870967741935;1,41230016492715;0,965574945266644;2,06570371945852;0,0751692410186808;0,479719064103556;ATD;1,59188653554793;-0,153709297148802;3,49812367617403;0,0734;0,5044;0,0388346804025852;0,805041057305661;0,769664977116267;0,840417137495055;3,93251e-22
B*27:05;0,0372204924992924;0,0360275689223058;0,0483870967741935;1,41230016492715;0,965574945266644;2,06570371945852;0,0751692410186808;0,479719064103556;AS;-0,183714372313289;-0,39229218632087;0,0207999791973108;0,0764;0,5044;0,0388346804025852;6,54768138528768;5,94091560853073;7,15444716204463;2,22507e-302
B*27:05;0,0372204924992924;0,0360275689223058;0,0483870967741935;1,41230016492715;0,965574945266644;2,06570371945852;0,0751692410186808;0,479719064103556;RA;-1,1887607837109;-2,62316405430108;0,110966474628821;0,0740000000000001;0,5044;0,0388346804025852;1,33696617684165;1,24767159633522;1,42626075734808;1,56484e-17
B*35:01;0,0703368242287008;0,0723684210526316;0,0513196480938416;0,644181807063041;0,417789817982744;0,993251110222472;0,0465190907874763;0,392089479494443;ATD;2,28515902277706;0,0469634102018533;4,68180150290336;0,0442;0,372817391304348;0,0419603929068312;1,21221346696822;1,16564032254438;1,25878661139206;9,44457e-23
B*35:01;0,0703368242287008;0,0723684210526316;0,0513196480938416;0,644181807063041;0,417789817982744;0,993251110222472;0,0465190907874763;0,392089479494443;Asthma;-4,14463026582034;-8,96413528378697;-0,197702189032428;0,0391999999999999;0,345672727272726;0,0419603929068312;0,899328414787153;0,871127238383121;0,927529591191185;3,30778e-11
B*35:03;0,0145768468723464;0,0142543859649123;0,0175953079178886;1,2944777003569;0,702455724597362;2,38544930028403;0,40790188478859;0,757881018917359;ATD;-0,962645105449055;-3,42321194245549;1,37742009877759;0,4042;0,768609523809524;0,00970285373945493;1,30750795360299;1,20793620210558;1,4070797051004;5,17143e-12
B*37:01;0,0196716671384093;0,0192669172932331;0,0234604105571848;1,2332397802515;0,721881766094687;2,10682749866725;0,44292003542585;0,768596532062504;Psoriasis;-0,26150178590971;-0,946835698291267;0,416616141944403;0,4478;0,81371214953271;0,0135521215759081;2,22931641919071;2,00501455022774;2,45361828815367;5,54506e-55
B*39:01;0,0138692329465044;0,0137844611528822;0,0146627565982405;1,05059382818627;0,540276614152354;2,04293016375465;0,884345694319079;0,980395115553624;Psoriasis;-0,108214033483421;-1,64887842615664;1,46549699628693;0,8882;0,983;0,00901303330215763;1,57789550447544;1,35561875330803;1,80017225564285;2,21121e-10
B*40:01;0,0701953014435324;0,0725250626566416;0,0483870967741935;0,588400021991143;0,39938533120145;0,866868557334539;0,00730366197615359;0,0891520571311307;PMR-GCA;1,59288613501321;0,411824677299199;2,97798271992948;0,007;0,0939368421052632;0,0526415585986757;1,39507475269649;1,27474163125182;1,51540787414116;3,85932e-14
B*44:02;0,0717520520803849;0,0717418546365915;0,0718475073313783;0,993375945232908;0,724979896948487;1,36113535385036;0,967010481526635;0,980395115553624;Psoriasis;-0,0311774226458056;-1,54747023515284;1,52191572704768;0,9758;0,983;0,100884784864432;0,808018762350356;0,763628764886117;0,852408759814596;2,84249e-14
B*44:02;0,0717520520803849;0,0717418546365915;0,0718475073313783;0,993375945232908;0,724979896948487;1,36113535385036;0,967010481526635;0,980395115553624;MS;-0,0160869720198153;-0,811909852174704;0,771422169360724;0,9462;0,983;0,100884784864432;0,661572964448793;0,590136104044264;0,733009824853322;6,43056e-14
B*44:02;0,0717520520803849;0,0717418546365915;0,0718475073313783;0,993375945232908;0,724979896948487;1,36113535385036;0,967010481526635;0,980395115553624;ATD;0,0543772085664315;-2,53792270871036;2,73647721575412;0,9634;0,983;0,100884784864432;1,13000493503237;1,09980600514561;1,16020386491914;3,14201e-19
B*44:02;0,0717520520803849;0,0717418546365915;0,0718475073313783;0,993375945232908;0,724979896948487;1,36113535385036;0,967010481526635;0,980395115553624;Asthma;0,0877997672982243;-4,20399131875479;4,51075631345819;0,9514;0,983;0,100884784864432;1,07863461938639;1,056427862424;1,10084137634878;5,75242e-13
B*44:03;0,0383526747806397;0,037437343358396;0,0469208211143695;1,32868435978903;0,9121086435373;1,93551737554145;0,138691367683821;0,62670007715933;ATD;1,49550463078359;-0,495238303492157;3,61307538536056;0,1426;0,635254901960784;0,0547156729995207;0,826935152476211;0,789869239672333;0,864001065280089;9,62554e-17
B*44:03;0,0383526747806397;0,037437343358396;0,0469208211143695;1,32868435978903;0,9121086435373;1,93551737554145;0,138691367683821;0,62670007715933;Psoriasis;0,373444796520308;-0,114909837950751;0,86929118880023;0,1368;0,635254901960784;0,0547156729995207;0,467201797540564;0,428861704300561;0,505541890780566;8,04481e-74
B*44:03;0,0383526747806397;0,037437343358396;0,0469208211143695;1,32868435978903;0,9121086435373;1,93551737554145;0,138691367683821;0,62670007715933;CD;-0,484362029971546;-1,19061951975422;0,157980817574877;0,1364;0,635254901960784;0,0547156729995207;1,79809720961087;1,56507244211191;2,03112197710983;7,07381e-19
B*57:01;0,0317011038777243;0,0325814536340852;0,0234604105571848;0,710239566181842;0,425551528669015;1,18537993024698;0,190449280951501;0,70228172350866;ATD;-1,35646330940742;-3,47152482835039;0,659766442313825;0,1842;0,677901886792453;0,0385031478146767;0,777058998773278;0,742495228013683;0,811622769532873;1,06116e-28
B*57:01;0,0317011038777243;0,0325814536340852;0,0234604105571848;0,710239566181842;0,425551528669015;1,18537993024698;0,190449280951501;0,70228172350866;CD;-0,398158755578851;-1,01315300975227;0,210535134338081;0,2;0,680701754385965;0,0385031478146767;0,423442308360829;0,354966707417337;0,491917909304322;2,10902e-25
B*57:01;0,0317011038777243;0,0325814536340852;0,0234604105571848;0,710239566181842;0,425551528669015;1,18537993024698;0,190449280951501;0,70228172350866;AD;3,27858277558279;-1,87075962170019;12,1080687204634;0,1972;0,680701754385965;0,031;1,11;1,04;1,18;0,00076
B*57:01;0,0317011038777243;0,0325814536340852;0,0234604105571848;0,710239566181842;0,425551528669015;1,18537993024698;0,190449280951501;0,70228172350866;Psoriasis;0,309022074093867;-0,152947175632125;0,776080895819514;0,1888;0,678281481481481;0,0385031478146767;3,02591038522898;2,8521977114696;3,19962305898836;2,22507e-302
B*57:01;0,0317011038777243;0,0325814536340852;0,0234604105571848;0,710239566181842;0,425551528669015;1,18537993024698;0,190449280951501;0,70228172350866;Asthma;-3,46371756698203;-9,53331396738217;1,72481867242371;0,1852;0,677901886792453;0,0385031478146767;0,90594018145772;0,876409466788386;0,935470896127054;2,85858e-09
C*01:02;0,026417704011065;0,0257352941176471;0,0327635327635328;1,33067557817116;0,852016738804383;2,07824261390208;0,20913531977173;0,725822580384239;ATD;1,3984647346421;-0,852055614737615;3,69392797970251;0,2;0,680701754385965;0,0318899451400812;0,815229182296734;0,776024354391742;0,854434010201726;8,36348e-17
C*01:02;0,026417704011065;0,0257352941176471;0,0327635327635328;1,33067557817116;0,852016738804383;2,07824261390208;0,20913531977173;0,725822580384239;AS;-0,21375020428126;-0,554078590274674;0,117976426076423;0,2076;0,694386206896552;0,0318899451400812;3,80587147783575;3,33142438437037;4,28031857130114;4,88200999999999e-98
C*02:02;0,0507607192254495;0,0500919117647059;0,056980056980057;1,17580472020667;0,83541451634467;1,65488714046942;0,353019804195133;0,757881018917359;AS;-0,124253899749939;-0,395607342724308;0,13151349934791;0,3434;0,74189010989011;0,0328798898148535;3,68180087247505;3,22479792826723;4,13880381668288;4,02073e-94
C*03:03;0,0680497925311203;0,0678615196078431;0,0698005698005698;1,04904055645563;0,770302093773358;1,42864221450827;0,761258639994573;0,948450499566524;ATD;0,204120225640835;-1,15800317335792;1,55870786067557;0,7546;0,968107317073171;0,0426502133441285;0,79092826842333;0,757124184053701;0,824732352792959;5,53239e-27
C*03:04;0,109128630705394;0,112132352941176;0,0811965811965812;0,596414919174017;0,430372707757881;0,826517921330328;0,00190575604804201;0,0717262194338091;PMR-GCA;1,67980433659264;0,602210032754319;2,98155750912697;0,0014;0,0939368421052632;0,0700941319895212;1,36024659069558;1,25453638714626;1,46595679424489;8,52994e-15
C*03:04;0,109128630705394;0,112132352941176;0,0811965811965812;0,596414919174017;0,430372707757881;0,826517921330328;0,00190575604804201;0,0717262194338091;T1D;1,39063208784266;0,498946828561749;2,40096677575537;0,0018;0,0939368421052632;0,0700941319895212;1,4501151977487;1,32971282893492;1,57051756656248;1,73887e-18
C*03:04;0,109128630705394;0,112132352941176;0,0811965811965812;0,596414919174017;0,430372707757881;0,826517921330328;0,00190575604804201;0,0717262194338091;Psoriasis;-2,44382979407937;-4,61686728268891;-0,87377104377052;0,00140000000000007;0,0939368421052632;0,0700941319895212;0,809386277986095;0,756205487840116;0,862567068132074;2,81823e-10
C*04:01;0,115352697095436;0,118106617647059;0,0897435897435897;0,724229829838766;0,522119389696976;1,00457645660832;0,053279377561908;0,392935409519072;Asthma;-3,91789504131766;-8,68245110523752;0,0707394091226988;0,0546;0,44135;0,0720507558943004;0,920947728034832;0,898440465481934;0,94345499058773;3,99388e-11
C*04:01;0,115352697095436;0,118106617647059;0,0897435897435897;0,724229829838766;0,522119389696976;1,00457645660832;0,053279377561908;0,392935409519072;ATD;2,33117656473821;-0,100509779321104;4,90004910541561;0,0586;0,454736;0,0720507558943004;1,1484405745331;1,11303548381131;1,18384566525488;1,37871e-18
C*05:01;0,0647302904564315;0,0647977941176471;0,0641025641025641;0,986718344265866;0,715494529169632;1,36075546523144;0,935015883246391;0,980395115553624;Psoriasis;-0,0620879765896345;-1,61311175925065;1,47360494502628;0,9138;0,983;0,104136130770411;0,806259200068165;0,76331225575887;0,84920614437746;2,29861e-15
C*05:01;0,0647302904564315;0,0647977941176471;0,0641025641025641;0,986718344265866;0,715494529169632;1,36075546523144;0,935015883246391;0,980395115553624;Asthma;0,211611074757898;-5,28071826833708;5,53217863382386;0,9202;0,983;0,104136130770411;1,06522388742296;1,04385903278456;1,08658874206136;6,64058e-10
C*05:01;0,0647302904564315;0,0647977941176471;0,0641025641025641;0,986718344265866;0,715494529169632;1,36075546523144;0,935015883246391;0,980395115553624;ATD;0,073825289095023;-1,71858084758775;1,8341943487924;0,9306;0,983;0,104136130770411;1,19854940931002;1,16765094936394;1,2294478692561;3,86857e-43
C*06:02;0,0835408022130014;0,0834865196078431;0,084045584045584;0,989823164289359;0,74511477898868;1,31489795155262;0,943718258873761;0,980395115553624;ATD;-0,0729536254973804;-2,16816700116009;1,98992861114609;0,9288;0,983;0,0885226907882798;0,869173950987739;0,843337442392006;0,895010459583472;2,34890999999999e-20
C*06:02;0,0835408022130014;0,0834865196078431;0,084045584045584;0,989823164289359;0,74511477898868;1,31489795155262;0,943718258873761;0,980395115553624;CD;-0,0247757094683677;-0,729756847832465;0,681470196485902;0,9378;0,983;0,0885226907882798;0,661752936770249;0,59614368008522;0,727362193455278;3,29555e-16
C*06:02;0,0835408022130014;0,0834865196078431;0,084045584045584;0,989823164289359;0,74511477898868;1,31489795155262;0,943718258873761;0,980395115553624;Psoriasis;0,0102302729829075;-0,276480291330678;0,291672711529877;0,954;0,983;0,0885226907882798;2,71793662858749;2,6070199178416;2,82885333933337;2,22507e-302
C*07:01;0,172060857538036;0,168964460784314;0,200854700854701;1,13336423891043;0,841050142881897;1,52727457323719;0,41074269544269;0,757881018917359;CD;-0,298684713684603;-1,04095648086396;0,411734902625637;0,4136;0,768609523809524;0,166817892057642;1,52065171068841;1,38504893256127;1,65625448881554;3,18767999999999e-20
C*07:01;0,172060857538036;0,168964460784314;0,200854700854701;1,13336423891043;0,841050142881897;1,52727457323719;0,41074269544269;0,757881018917359;Psoriasis;0,342961121363432;-0,455430269100794;1,17885465866997;0,3982;0,768609523809524;0,166817892057642;0,694177213643877;0,649160820954259;0,739193606333495;2,65253999999999e-28
C*07:01;0,172060857538036;0,168964460784314;0,200854700854701;1,13336423891043;0,841050142881897;1,52727457323719;0,41074269544269;0,757881018917359;T1D;-0,430888732047398;-1,53670783011654;0,603693675365953;0,416;0,768609523809524;0,166817892057642;1,33714935375521;1,22287929776797;1,45141940974245;2,67069e-11
C*07:01;0,172060857538036;0,168964460784314;0,200854700854701;1,13336423891043;0,841050142881897;1,52727457323719;0,41074269544269;0,757881018917359;ATD;-0,708764052997481;-2,45295751541416;0,957540586837076;0,4092;0,768609523809524;0,166817892057642;1,1931919176981;1,155506812357;1,23087702303921;5,85502e-28
C*07:01;0,172060857538036;0,168964460784314;0,200854700854701;1,13336423891043;0,841050142881897;1,52727457323719;0,41074269544269;0,757881018917359;RA;-0,606889656921355;-2,14102830148854;0,795340532555103;0,4098;0,768609523809524;0,166817892057642;1,22909976126112;1,16061088108432;1,29758864143792;3,9952e-13
C*07:02;0,164315352697095;0,165900735294118;0,14957264957265;0,928923706890009;0,680837626484023;1,26740829186902;0,641859083326042;0,946742147905912;RA;-0,509675700259014;-2,83176509452917;1,70885308631751;0,6266;0,968107317073171;0,151634862803672;0,865318181328986;0,828192223949975;0,902444138707998;3,8815e-11
C*07:02;0,164315352697095;0,165900735294118;0,14957264957265;0,928923706890009;0,680837626484023;1,26740829186902;0,641859083326042;0,946742147905912;Psoriasis;-0,412292773131807;-2,259204645068;1,35387972258055;0,647;0,968107317073171;0,151634862803672;0,836251394481236;0,795892999032065;0,876609789930406;3,79902e-13
C*07:02;0,164315352697095;0,165900735294118;0,14957264957265;0,928923706890009;0,680837626484023;1,26740829186902;0,641859083326042;0,946742147905912;MS;0,231271522153811;-0,777279877626495;1,25139265542103;0,6526;0,968107317073171;0,151634862803672;1,37547207573183;1,26330810493862;1,48763604652505;1,82391e-14
C*07:02;0,164315352697095;0,165900735294118;0,14957264957265;0,928923706890009;0,680837626484023;1,26740829186902;0,641859083326042;0,946742147905912;AS;-0,172340150506578;-0,929771780716247;0,551333816530406;0,6342;0,968107317073171;0,151634862803672;0,651935922669082;0,579960319230958;0,723911526107206;3,07895e-14
C*08:02;0,0174273858921162;0,0174632352941176;0,0170940170940171;1,00750397911413;0,5549867383439;1,82898833035147;0,980395115553624;0,980395115553624;Psoriasis;0,0288175508967542;-2,28813919673035;2,51458747417328;0,9668;0,983;0,0378528786334808;0,771495839449757;0,707609781116768;0,835381897782746;8,23309e-10
C*16:01;0,026417704011065;0,0260416666666667;0,0299145299145299;1,21533946086713;0,763399882392563;1,9348313239342;0,411054111955178;0,757881018917359;Psoriasis;0,24638729631919;-0,345490498276399;0,847731721216253;0,4134;0,768609523809524;0,0424605999692896;0,453150037376424;0,412454789513825;0,493845285239022;7,2324e-67
C*16:01;0,026417704011065;0,0260416666666667;0,0299145299145299;1,21533946086713;0,763399882392563;1,9348313239342;0,411054111955178;0,757881018917359;CD;-0,356725161522432;-1,2594157960242;0,513652448816017;0,4104;0,768609523809524;0,0424605999692896;1,7275513478335;1,48519496589934;1,96990772976766;2,20412e-14
DPB1*01:01;0,0714888826343935;0,0714062987215466;0,0722543352601156;0,859670756364608;0,609323713367699;1,21287550957749;0,389226282503145;0,757881018917359;CD;0,339572371892882;-0,426365152991543;1,12233662023085;0,3892;0,768609523809524;0,0563698461223483;1,56093187705303;1,44416886548108;1,67769488862498;1,87381999999999e-31
DPB1*02:01;0,119476498733465;0,120361708762083;0,111271676300578;0,940878189738413;0,732399076989898;1,20870137024714;0,633468194079709;0,946742147905912;CD;-0,181631106717272;-0,980430213240605;0,582521622396395;0,6338;0,968107317073171;0,115958466528004;0,714963347385495;0,653712694801785;0,776213999969205;1,63818e-14
DPB1*02:01;0,119476498733465;0,120361708762083;0,111271676300578;0,940878189738413;0,732399076989898;1,20870137024714;0,633468194079709;0,946742147905912;ATD;0,521818314112066;-1,61394807624009;2,75172583741173;0,6298;0,968107317073171;0,115958466528004;1,12388001775029;1,09652118170219;1,15123885379839;5,27893e-21
DPB1*03:01;0,106529693217;0,106641721234799;0,105491329479769;0,974165183490333;0,727419459805723;1,30460876724168;0,860573255466372;0,976419655240691;ATD;-0,170356320172912;-2,13622888418768;1,75238416646189;0,848;0,983;0,0828947796995035;0,857576406604163;0,832096405138646;0,883056408069679;3,84895e-24
DPB1*03:01;0,106529693217;0,106641721234799;0,105491329479769;0,974165183490333;0,727419459805723;1,30460876724168;0,860573255466372;0,976419655240691;Asthma;-0,373573065196132;-4,83903108982343;3,92619371307032;0,8704;0,983;0,0828947796995035;0,932333216277294;0,911550501966599;0,953115930587988;7,23599e-10
DPB1*03:01;0,106529693217;0,106641721234799;0,105491329479769;0,974165183490333;0,727419459805723;1,30460876724168;0,860573255466372;0,976419655240691;CD;0,103558444363865;-1,11611526444016;1,35967046997405;0,8494;0,983;0,0828947796995035;1,28756134625842;1,1797598605233;1,39536283199354;3,2828e-09
DPB1*04:01;0,4245707852519;0,423136888057374;0,437861271676301;1,09322891633225;0,910172909327296;1,31310155604204;0,340417131409326;0,757881018917359;CD;0,443099291188063;-0,477875232603181;1,42336289132983;0,3404;0,74189010989011;0,430760873105611;0,81777830491377;0,777510017979246;0,858046591848293;1,17249e-15
DPB1*04:01;0,4245707852519;0,423136888057374;0,437861271676301;1,09322891633225;0,910172909327296;1,31310155604204;0,340417131409326;0,757881018917359;Psoriasis;-0,911556346769979;-3,03329072945458;0,95724233990169;0,3374;0,74189010989011;0,430760873105611;1,10272457087499;1,06916760356767;1,1362815381823;3,01551e-10
DPB1*04:01;0,4245707852519;0,423136888057374;0,437861271676301;1,09322891633225;0,910172909327296;1,31310155604204;0,340417131409326;0,757881018917359;ATD;-1,34621557742638;-4,28974244336922;1,48326856766575;0,3338;0,74189010989011;0,430760873105611;1,06845320523692;1,05144646461665;1,08545994585719;3,54041e-16
DPB1*11:01;0,0132282578103012;0,0126286248830683;0,0187861271676301;1,56987193292306;0,868845150178531;2,83652142763667;0,135122069075572;0,62670007715933;CD;-0,622331143388516;-1,49249797458277;0,182926993148798;0,1288;0,635254901960784;0,0240750822433472;2,06408081209571;1,77383340108104;2,35432822311038;5,47137e-24
DPB1*11:01;0,0132282578103012;0,0126286248830683;0,0187861271676301;1,56987193292306;0,868845150178531;2,83652142763667;0,135122069075572;0,62670007715933;Psoriasis;1,08887890986694;-0,320605419193975;2,66246927283416;0,134;0,635254901960784;0,0240750822433472;0,660880660039616;0,591240043265224;0,730521276814007;1,32019e-14
DQA1*01:01;0,112126245847176;0,115526235041424;0,0807365439093484;0,63948621226091;0,460644556564932;0,887761745675078;0,00755525907890938;0,0891520571311307;Asthma;-4,88169698511642;-8,85052451025854;-1,29101466020651;0,00580000000000003;0,0939368421052632;0,113498145744052;0,912483751736673;0,895094475881127;0,929873027592219;4,53378e-21
DQA1*01:01;0,112126245847176;0,115526235041424;0,0807365439093484;0,63948621226091;0,460644556564932;0,887761745675078;0,00755525907890938;0,0891520571311307;CD;-0,906474037662554;-1,64448059199182;-0,232051666076523;0,00740000000000007;0,0939368421052632;0,113498145744052;0,61065752042397;0,550262514602006;0,671052526245933;1,44979e-22
DQA1*01:01;0,112126245847176;0,115526235041424;0,0807365439093484;0,63948621226091;0,460644556564932;0,887761745675078;0,00755525907890938;0,0891520571311307;AS;1,38916489316739;0,364113239111385;2,69878986890488;0,0064;0,0939368421052632;0,113498145744052;1,37966539171938;1,24847924570835;1,5108515377304;3,26351e-11
DQA1*01:01;0,112126245847176;0,115526235041424;0,0807365439093484;0,63948621226091;0,460644556564932;0,887761745675078;0,00755525907890938;0,0891520571311307;AD;7,67287791682377;1,9881772687687;18,3801031523942;0,0066;0,0939368421052632;0,117;1,06;1,03;1,09;0,00027
DQA1*01:01;0,112126245847176;0,115526235041424;0,0807365439093484;0,63948621226091;0,460644556564932;0,887761745675078;0,00755525907890938;0,0891520571311307;ATD;-5,97131433736977;-11,8086486987093;-1,56935038059986;0,00879999999999992;0,0939368421052632;0,113498145744052;0,927861317233421;0,904750444459392;0,950972190007449;3,81955e-09
DQA1*01:02;0,215946843853821;0,217244553544032;0,203966005665722;0,961997176721127;0,751456204834365;1,23152695002818;0,75850685084839;0,948450499566524;RA;-0,226414151099882;-1,72329919664221;1,17870405476793;0,7538;0,968107317073171;0,210227722173364;0,842721283671738;0,812961997310627;0,872480570032849;2,14918e-21
DQA1*01:02;0,215946843853821;0,217244553544032;0,203966005665722;0,961997176721127;0,751456204834365;1,23152695002818;0,75850685084839;0,948450499566524;T1D;-0,0997771408463512;-0,730701301426975;0,54924916127902;0,748;0,968107317073171;0,210227722173364;0,678206815463129;0,638470488247236;0,717943142679022;1,40008e-38
DQA1*01:02;0,215946843853821;0,217244553544032;0,203966005665722;0,961997176721127;0,751456204834365;1,23152695002818;0,75850685084839;0,948450499566524;AS;-0,117914877994183;-0,90944020215094;0,656213985946803;0,7516;0,968107317073171;0,210227722173364;0,719949649980451;0,655616129975624;0,784283169985278;5,71799e-13
DQA1*01:02;0,215946843853821;0,217244553544032;0,203966005665722;0,961997176721127;0,751456204834365;1,23152695002818;0,75850685084839;0,948450499566524;CD;-0,164197709431597;-1,28532840251036;0,902499743129613;0,7466;0,968107317073171;0,210227722173364;0,789813845417704;0,733874047706397;0,845753643129012;6,58689e-11
DQA1*01:02;0,215946843853821;0,217244553544032;0,203966005665722;0,961997176721127;0,751456204834365;1,23152695002818;0,75850685084839;0,948450499566524;Asthma;-0,754738830444943;-5,99577364115549;4,23642599252673;0,7496;0,968107317073171;0,210227722173364;0,949961330455212;0,935542589390844;0,964380071519581;3,38584e-11
DQA1*01:02;0,215946843853821;0,217244553544032;0,203966005665722;0,961997176721127;0,751456204834365;1,23152695002818;0,75850685084839;0,948450499566524;PMR-GCA;-0,171610265150912;-1,30503056569246;0,920322043583885;0,7654;0,968107317073171;0,210227722173364;0,797904789543094;0,755213627850997;0,840595951235191;1,33546e-16
DQA1*01:02;0,215946843853821;0,217244553544032;0,203966005665722;0,961997176721127;0,751456204834365;1,23152695002818;0,75850685084839;0,948450499566524;MS;0,0665709547932973;-0,360222320389011;0,492681080836647;0,7658;0,968107317073171;0,210227722173364;1,78959976521562;1,67871702277075;1,90048250766049;1,07701e-75
DQA1*01:02;0,215946843853821;0,217244553544032;0,203966005665722;0,961997176721127;0,751456204834365;1,23152695002818;0,75850685084839;0,948450499566524;ATD;-0,218191133098648;-1,64372709505283;1,1375778893835;0,7778;0,968107317073171;0,210227722173364;0,837304060723734;0,82042190085331;0,854186220594157;9,22045e-67
DQA1*01:03;0,0776578073089701;0,0767106474378644;0,0864022662889518;1,14718974938804;0,864920572544343;1,52157823836885;0,340627046035046;0,757881018917359;Asthma;1,1098783188957;-1,24478206758188;3,48020431482501;0,3318;0,74189010989011;0,0584730423291502;0,88362633824314;0,861833744623478;0,905418931862802;8,15211e-23
DQA1*01:03;0,0776578073089701;0,0767106474378644;0,0864022662889518;1,14718974938804;0,864920572544343;1,52157823836885;0,340627046035046;0,757881018917359;ATD;1,38740116488431;-1,50503082206969;4,68980298319804;0,348;0,74189010989011;0,0584730423291502;0,905767163406811;0,876586497471572;0,93494782934205;1,72859e-09
DQA1*01:03;0,0776578073089701;0,0767106474378644;0,0864022662889518;1,14718974938804;0,864920572544343;1,52157823836885;0,340627046035046;0,757881018917359;T1D;0,465418645494431;-0,525223831550821;1,56377525226473;0,342;0,74189010989011;0,0584730423291502;0,744504784811211;0,67170237190194;0,817307197720483;3,34689e-09
DQA1*01:03;0,0776578073089701;0,0767106474378644;0,0864022662889518;1,14718974938804;0,864920572544343;1,52157823836885;0,340627046035046;0,757881018917359;CD;0,244519412456631;-0,260206527995604;0,777010615937202;0,3408;0,74189010989011;0,0584730423291502;0,57031182861211;0,494008919375643;0,646614737848577;1,92299e-16
DQA1*01:03;0,0776578073089701;0,0767106474378644;0,0864022662889518;1,14718974938804;0,864920572544343;1,52157823836885;0,340627046035046;0,757881018917359;RA;0,773746565533477;-0,819423793006106;2,61987107363112;0,3314;0,74189010989011;0,0584730423291502;0,837387795316466;0,788630288014952;0,88614530261798;2,3169e-09
DQA1*02:01;0,100359911406423;0,100644369438478;0,0977337110481586;0,986197977840902;0,761132663976512;1,27781462750033;0,916252695176093;0,980395115553624;RA;-0,0553748885366587;-1,12862754638515;1,00699396547259;0,9064;0,983;0,055004164514613;0,778035598051699;0,724421413961348;0,83164978214205;9,42483e-13
DQA1*02:01;0,100359911406423;0,100644369438478;0,0977337110481586;0,986197977840902;0,761132663976512;1,27781462750033;0,916252695176093;0,980395115553624;ATD;-0,0605747768442725;-1,22312777294837;1,10651900592247;0,9072;0,983;0,055004164514613;0,794980255885785;0,764208128341748;0,825752383429822;3,35367999999999e-31
DQA1*02:01;0,100359911406423;0,100644369438478;0,0977337110481586;0,986197977840902;0,761132663976512;1,27781462750033;0,916252695176093;0,980395115553624;Asthma;-0,133136848832227;-2,71452777983155;2,4191857408152;0,9006;0,983;0,055004164514613;0,900873888084485;0,875539440533862;0,926208335635108;3,45553e-13
DQA1*02:01;0,100359911406423;0,100644369438478;0,0977337110481586;0,986197977840902;0,761132663976512;1,27781462750033;0,916252695176093;0,980395115553624;Psoriasis;0,0452609875030407;-0,812756611516212;0,908892565715971;0,9182;0,983;0,055004164514613;1,35943204696795;1,27618282101204;1,44268127292386;8,52042e-23
DQA1*02:01;0,100359911406423;0,100644369438478;0,0977337110481586;0,986197977840902;0,761132663976512;1,27781462750033;0,916252695176093;0,980395115553624;T1D;-0,0385017124443416;-0,805632902812589;0,712453545321625;0,9304;0,983;0,055004164514613;0,696996423159642;0,617727716950119;0,776265129369165;4,93823e-10
DQA1*02:01;0,100359911406423;0,100644369438478;0,0977337110481586;0,986197977840902;0,761132663976512;1,27781462750033;0,916252695176093;0,980395115553624;PMR-GCA;-0,0277635503098268;-0,558418251540628;0,509409019992274;0,9116;0,983;0,055004164514613;0,606172912169306;0,539096412128715;0,673249412209897;7,52945e-19
DQA1*02:01;0,100359911406423;0,100644369438478;0,0977337110481586;0,986197977840902;0,761132663976512;1,27781462750033;0,916252695176093;0,980395115553624;CD;-0,0123606293281028;-0,246572625953645;0,222089563852341;0,913;0,983;0,055004164514613;0,324850890628042;0,270985415347662;0,378716365908421;2,62274999999999e-40
DQA1*03:01;0,10188261351052;0,101564897207732;0,104815864022663;1,0344644390393;0,777990873193298;1,37548744144589;0,815693373845516;0,948450499566524;AD;0,290764034671121;-2,25386543651511;2,92368152795002;0,8106;0,968107317073171;0,091;0,89;0,86;0,92;7,8e-10
DQA1*03:01;0,10188261351052;0,101564897207732;0,104815864022663;1,0344644390393;0,777990873193298;1,37548744144589;0,815693373845516;0,948450499566524;PMR-GCA;-0,0698892430421959;-0,691038156477138;0,546076819902504;0,8184;0,968107317073171;0,0130856494083597;1,62388593142131;1,36400260463938;1,88376925820324;2,89144e-09
DQA1*05:01;0,141057585825028;0,138692850567659;0,162889518413598;1,06314156372061;0,752945217417281;1,50113176678019;0,727947930030088;0,948450499566524;T1D;0,153415077513733;-0,73330002531293;1,07288629227189;0,7328;0,968107317073171;0,0586452066204149;0,670922263792283;0,600798166539868;0,741046361044698;7,20118e-14
DQA1*05:01;0,141057585825028;0,138692850567659;0,162889518413598;1,06314156372061;0,752945217417281;1,50113176678019;0,727947930030088;0,948450499566524;Psoriasis;0,206743982934227;-0,984214379157121;1,41183951579518;0,729;0,968107317073171;0,0586452066204149;0,743672149903121;0,685556283417098;0,801788016389145;1,10332e-13
DQA1*05:01;0,141057585825028;0,138692850567659;0,162889518413598;1,06314156372061;0,752945217417281;1,50113176678019;0,727947930030088;0,948450499566524;CD;-0,13673280020073;-0,935282982437831;0,634334917316193;0,7488;0,968107317073171;0,0586452066204149;1,56485786690698;1,44683503469856;1,6828806991154;2,66623999999999e-31
DQA1*05:05;0,111572535991141;0,109696225836146;0,128895184135977;1,2400622647057;0,973587982385444;1,57947144805474;0,0813083159497552;0,479719064103556;RA;0,748466246316586;-0,0858286745858156;1,72620640949897;0,0794;0,5044;0,0338721610341024;0,75015907120555;0,685829990226115;0,814488152184985;5,01509e-11
DQA1*05:05;0,111572535991141;0,109696225836146;0,128895184135977;1,2400622647057;0,973587982385444;1,57947144805474;0,0813083159497552;0,479719064103556;T1D;0,38245850211728;-0,0482838366693949;0,87099313038241;0,0806;0,5044;0,0338721610341024;0,569740092621542;0,485307117751437;0,654173067491647;1,00299e-13
DQA1*05:05;0,111572535991141;0,109696225836146;0,128895184135977;1,2400622647057;0,973587982385444;1,57947144805474;0,0813083159497552;0,479719064103556;CD;0,232331342718189;-0,0235806758713926;0,523920484920994;0,0738;0,5044;0,0338721610341024;0,39609626651932;0,308683286626984;0,483509246411656;1,95101e-16
DQB1*02:01;0,140997229916898;0,138539429272783;0,163817663817664;1,07411615419128;0,760384235414005;1,51729278299214;0,684972420210296;0,948450499566524;T1D;-0,16739355893779;-1,00109625168543;0,656432426758551;0,691;0,968107317073171;0,112886264546719;1,5328457881261;1,40304765642066;1,66264391983155;4,76676e-23
DQB1*02:01;0,140997229916898;0,138539429272783;0,163817663817664;1,07411615419128;0,760384235414005;1,51729278299214;0,684972420210296;0,948450499566524;Psoriasis;0,230374606113181;-0,905789798507569;1,36803482435528;0,7078;0,968107317073171;0,112886264546719;0,733185895579425;0,685155562091041;0,78121622906781;1,60473999999999e-20
DQB1*02:01;0,140997229916898;0,138539429272783;0,163817663817664;1,07411615419128;0,760384235414005;1,51729278299214;0,684972420210296;0,948450499566524;CD;-0,0750883400580582;-0,437045066320149;0,292337552104735;0,6894;0,968107317073171;0,112886264546719;2,59137079453571;2,39976732570371;2,78297426336772;1,43341999999999e-140
DQB1*02:01;0,140997229916898;0,138539429272783;0,163817663817664;1,07411615419128;0,760384235414005;1,51729278299214;0,684972420210296;0,948450499566524;ATD;-0,428579125884828;-2,52890608316505;1,65216605339515;0,6926;0,968107317073171;0,112886264546719;1,18154865795456;1,14335821687463;1,21973909903448;4,68095e-24
DQB1*02:02;0,0655124653739612;0,0645903651426818;0,0740740740740741;1,19175391510132;0,880044199176752;1,61387052546671;0,2568002605417;0,757881018917359;PMR-GCA;0,451166326158031;-0,309641478474391;1,31850056955984;0,2454;0,74189010989011;0,0738235827854321;0,677850850334034;0,607649606615666;0,748052094052402;1,85582e-13
DQB1*02:02;0,0655124653739612;0,0645903651426818;0,0740740740740741;1,19175391510132;0,880044199176752;1,61387052546671;0,2568002605417;0,757881018917359;RA;0,703993788870908;-0,514314639357567;2,02374040172733;0,2474;0,74189010989011;0,0738235827854321;0,779434205559394;0,727378133272699;0,831490277846089;2,61272e-13
DQB1*02:02;0,0655124653739612;0,0645903651426818;0,0740740740740741;1,19175391510132;0,880044199176752;1,61387052546671;0,2568002605417;0,757881018917359;CD;-0,389998711166832;-1,13479146554197;0,302103722659953;0,259;0,74189010989011;0,0738235827854321;1,56801737051277;1,39345620600237;1,74257853502317;2,3872e-15
DQB1*03:01;0,158864265927978;0,157717091132249;0,16951566951567;1,1293263465134;0,900903164659823;1,41566601934503;0,291485817108986;0,757881018917359;CD;0,165650556829053;-0,147367864061413;0,489390305545657;0,3034;0,74189010989011;0,110857517763167;0,479887297271719;0,427608029588084;0,532166564955354;7,74214999999999e-40
DQB1*03:01;0,158864265927978;0,157717091132249;0,16951566951567;1,1293263465134;0,900903164659823;1,41566601934503;0,291485817108986;0,757881018917359;ATD;-0,704793619872846;-2,03260947704717;0,60801404639356;0,2934;0,74189010989011;0,110857517763167;1,18834668409786;1,15667244404605;1,22002092414967;6,75485e-37
DQB1*03:01;0,158864265927978;0,157717091132249;0,16951566951567;1,1293263465134;0,900903164659823;1,41566601934503;0,291485817108986;0,757881018917359;Asthma;-1,1479447405412;-3,36062752834929;1,00504041691748;0,2926;0,74189010989011;0,110857517763167;1,1117629515086;1,08893516729579;1,13459073572141;4,81024e-24
DQB1*03:02;0,110803324099723;0,109696225836146;0,121082621082621;1,13883032484849;0,86759167317669;1,49486740005904;0,348936718552125;0,757881018917359;RA;-0,415735393781902;-1,30150297715416;0,444502985790844;0,346;0,74189010989011;0,0778240760128611;1,36711543744077;1,30193815427617;1,43229272060538;7,97465e-38
DQB1*03:02;0,110803324099723;0,109696225836146;0,121082621082621;1,13883032484849;0,86759167317669;1,49486740005904;0,348936718552125;0,757881018917359;T1D;-0,165289112093514;-0,520950010967119;0,17678214178606;0,3424;0,74189010989011;0,0778240760128611;2,19572217164686;2,05106904892541;2,34037529436832;4,30335999999999e-121
DQB1*03:02;0,110803324099723;0,109696225836146;0,121082621082621;1,13883032484849;0,86759167317669;1,49486740005904;0,348936718552125;0,757881018917359;PMR-GCA;-0,240636948100441;-0,748180351395214;0,266374404928746;0,3474;0,74189010989011;0,0778240760128611;1,71641875325673;1,60223845838509;1,83059904812838;4,78241e-57
DQB1*03:02;0,110803324099723;0,109696225836146;0,121082621082621;1,13883032484849;0,86759167317669;1,49486740005904;0,348936718552125;0,757881018917359;Asthma;-1,18726270894894;-3,83873459022;1,36193163419005;0,3394;0,74189010989011;0,0778240760128611;1,11571672377996;1,09096865410044;1,14046479345947;3,84816e-22
DQB1*03:02;0,110803324099723;0,109696225836146;0,121082621082621;1,13883032484849;0,86759167317669;1,49486740005904;0,348936718552125;0,757881018917359;UC;0,487767348688231;-0,522417186247322;1,59424639549211;0,339;0,74189010989011;0,0778240760128611;0,766037618602727;0,706322596195274;0,82575264101018;2,06701e-11
DQB1*03:02;0,110803324099723;0,109696225836146;0,121082621082621;1,13883032484849;0,86759167317669;1,49486740005904;0,348936718552125;0,757881018917359;AD;1,233874986565;-1,41898199857977;4,1273368282071;0,3602;0,759552173913044;0,097;0,9;0,87;0,93;9,8e-09
DQB1*03:03;0,0469529085872576;0,0477140227063516;0,0398860398860399;0,842311074685406;0,568077165376836;1,24892882477866;0,393156113761367;0,757881018917359;Psoriasis;0,244345622716593;-0,326201890441103;0,808107242054924;0,3848;0,768609523809524;0,0345142873096305;2,01840581634142;1,8800816399794;2,15672999270344;9,83287e-90
DQB1*03:03;0,0469529085872576;0,0477140227063516;0,0398860398860399;0,842311074685406;0,568077165376836;1,24892882477866;0,393156113761367;0,757881018917359;CD;-0,137261428940728;-0,46298046565257;0,174208747586019;0,3908;0,768609523809524;0,0345142873096305;0,286444064281137;0,231818012530942;0,341070116031332;8,67165999999999e-38
DQB1*05:01;0,123545706371191;0,127493096041731;0,0868945868945869;0,626578200851952;0,45833035289167;0,856587915912395;0,00338606895495009;0,0717262194338091;AD;8,02283251387076;2,53822736145949;18,5872388602376;0,0022;0,0939368421052632;0,128;1,06;1,03;1,09;6,6e-05
DQB1*05:01;0,123545706371191;0,127493096041731;0,0868945868945869;0,626578200851952;0,45833035289167;0,856587915912395;0,00338606895495009;0,0717262194338091;Asthma;-5,3538450776456;-10,047852481605;-1,69217825018842;0,00459999999999994;0,0939368421052632;0,0677070973565801;0,916386555046953;0,892835860447792;0,939937249646113;2,75267e-11
DQB1*05:01;0,123545706371191;0,127493096041731;0,0868945868945869;0,626578200851952;0,45833035289167;0,856587915912395;0,00338606895495009;0,0717262194338091;CD;-1,02410563191387;-1,89627300307257;-0,331192777203156;0,00419999999999998;0,0939368421052632;0,0677070973565801;0,633510946481041;0,553971315830063;0,713050577132018;1,03303e-12
DQB1*06:02;0,143213296398892;0,144676281067812;0,12962962962963;0,892260074004091;0,631959711604496;1,25977657284588;0,517136084189087;0,847528582421004;ATD;-0,791556733673393;-3,29930800042736;1,68343049322138;0,5152;0,880591304347826;0,0931432081187096;0,865873028092608;0,840156703063021;0,891589353122195;2,00993999999999e-21
DQB1*06:02;0,143213296398892;0,144676281067812;0,12962962962963;0,892260074004091;0,631959711604496;1,25977657284588;0,517136084189087;0,847528582421004;MS;0,163232684608471;-0,33632940797077;0,652444398494321;0,535;0,887094017094017;0,0931432081187096;2,01048301666412;1,8314324551342;2,18953357819404;2,60182999999999e-53
DQB1*06:02;0,143213296398892;0,144676281067812;0,12962962962963;0,892260074004091;0,631959711604496;1,25977657284588;0,517136084189087;0,847528582421004;RA;-0,577469244631405;-2,4870145004291;1,21192514656602;0,5196;0,880591304347826;0,0931432081187096;0,820854835019065;0,77772410124137;0,86398556879676;1,78611e-13
DQB1*06:02;0,143213296398892;0,144676281067812;0,12962962962963;0,892260074004091;0,631959711604496;1,25977657284588;0,517136084189087;0,847528582421004;T1D;-0,197702143575398;-0,810403673671423;0,402286793681958;0,522;0,880591304347826;0,0931432081187096;0,561797957474191;0,510840141157249;0,612755773791133;1,23729e-35
DQB1*06:03;0,0753462603878116;0,0744093280147284;0,084045584045584;1,14881693341398;0,862371566996864;1,53040800161666;0,343079768340194;0,757881018917359;Asthma;0,913069278811887;-1,0235847089063;2,87659924776069;0,3362;0,74189010989011;0,0392883565755126;0,859038962544786;0,830998350175633;0,887079574913939;7,28924999999999e-20
DQB1*06:03;0,0753462603878116;0,0744093280147284;0,084045584045584;1,14881693341398;0,862371566996864;1,53040800161666;0,343079768340194;0,757881018917359;CD;0,255634161216062;-0,288355542268409;0,845464349457633;0,341;0,74189010989011;0,0392883565755126;0,581176954299544;0,486133297689197;0,67622061090989;7,80623e-11
DQB1*06:03;0,0753462603878116;0,0744093280147284;0,084045584045584;1,14881693341398;0,862371566996864;1,53040800161666;0,343079768340194;0,757881018917359;RA;0,541414759121128;-0,621160023754535;1,79221957143432;0,347;0,74189010989011;0,0392883565755126;0,773955423057433;0,713524581168289;0,834386264946578;1,25698e-10
DQB1*06:04;0,0508310249307479;0,0512427124884934;0,047008547008547;0,88908104627652;0,610063033046524;1,29571054797524;0,540650354250486;0,862118132453478;ATD;-0,411080200556629;-1,7587341863351;0,937088621145706;0,549;0,898171900826446;0,0232107709703086;0,751266372269357;0,70834057439194;0,794192170146773;1,0135e-22
DRB1*01:01;0,106117715279791;0,109470304975923;0,0748502994011976;0,629925987707873;0,443504359398061;0,89470766539544;0,00983840913314701;0,0967443564759456;AD;5,36279068117479;1,34245279443207;11,7606594282361;0,0088;0,0939368421052632;0,102;1,09;1,05;1,13;2,6e-06
DRB1*01:01;0,106117715279791;0,109470304975923;0,0748502994011976;0,629925987707873;0,443504359398061;0,89470766539544;0,00983840913314701;0,0967443564759456;ATD;-3,08348643132258;-5,68645726324255;-0,750579586599985;0,00980000000000003;0,0950600000000003;0,0777542796785646;0,860811267579574;0,834472543171132;0,887149991988016;7,91106e-22
DRB1*01:01;0,106117715279791;0,109470304975923;0,0748502994011976;0,629925987707873;0,443504359398061;0,89470766539544;0,00983840913314701;0,0967443564759456;Asthma;-4,56415799724096;-8,58076059716833;-1,11061119398247;0,0107999999999999;0,0997714285714278;0,0777542796785646;0,903700751945792;0,88277693465963;0,924624569231954;1,02108e-17
DRB1*01:01;0,106117715279791;0,109470304975923;0,0748502994011976;0,629925987707873;0,443504359398061;0,89470766539544;0,00983840913314701;0,0967443564759456;AS;1,32296574402681;0,29668479821741;2,67246989289273;0,0092;0,0939368421052632;0,0777542796785646;1,41811850989209;1,25675114499991;1,57948587478427;1,77498e-09
DRB1*01:01;0,106117715279791;0,109470304975923;0,0748502994011976;0,629925987707873;0,443504359398061;0,89470766539544;0,00983840913314701;0,0967443564759456;CD;-1,19992041169776;-2,36466954823258;-0,299171942418598;0,00839999999999996;0,0939368421052632;0,0777542796785646;0,680346535221177;0,602297997116445;0,758395073325908;4,69017e-11
DRB1*03:01;0,14554943461873;0,143017656500803;0,169161676646707;1,04714643973564;0,736676091606491;1,48846376140675;0,797367223126086;0,948450499566524;T1D;-0,0977487452528693;-0,888838702330532;0,650629107969366;0,7996;0,968107317073171;0,0415218392730013;1,60207233410182;1,45187061916414;1,75227404903949;6,66997e-23
DRB1*03:01;0,14554943461873;0,143017656500803;0,169161676646707;1,04714643973564;0,736676091606491;1,48846376140675;0,797367223126086;0,948450499566524;CD;-0,146225518056285;-1,32122103911075;0,971111807657349;0,79;0,968107317073171;0,0415218392730013;1,37033193662504;1,26701263590638;1,4736512373437;2,61408e-16
DRB1*03:01;0,14554943461873;0,143017656500803;0,169161676646707;1,04714643973564;0,736676091606491;1,48846376140675;0,797367223126086;0,948450499566524;ATD;-0,293834155947232;-2,66674949803461;2,03181719733283;0,8086;0,968107317073171;0,0415218392730013;1,16974409188351;1,12400934379952;1,2154788399675;3,85635e-15
DRB1*04:01;0,0936503334299797;0,0935794542536116;0,094311377245509;1,00555639352533;0,732853137815109;1,37973573201071;0,972613855893991;0,980395115553624;ATD;-0,0295109938452446;-1,74239961067708;1,66183707735851;0,9682;0,983;0,112654773371302;1,20654511660446;1,17627058306223;1,23681965014669;1,06137e-48
DRB1*04:01;0,0936503334299797;0,0935794542536116;0,094311377245509;1,00555639352533;0,732853137815109;1,37973573201071;0,972613855893991;0,980395115553624;Asthma;-0,0273183769511414;-1,61240987349877;1,54553906322054;0,965;0,983;0,112654773371302;1,22486544849403;1,20147267419098;1,24825822279707;3,15051999999999e-96
DRB1*04:01;0,0936503334299797;0,0935794542536116;0,094311377245509;1,00555639352533;0,732853137815109;1,37973573201071;0,972613855893991;0,980395115553624;T1D;-0,00768637252302295;-0,451374253649889;0,422538649209597;0,9668;0,983;0,112654773371302;2,05625835758025;1,93136443270386;2,18115228245663;1,06246e-119
DRB1*04:01;0,0936503334299797;0,0935794542536116;0,094311377245509;1,00555639352533;0,732853137815109;1,37973573201071;0,972613855893991;0,980395115553624;MS;0,0126461255283515;-0,732521186900331;0,746135412353753;0,983;0,983;0,112654773371302;0,645223184214628;0,578470561525682;0,711975806903575;1,03211e-16
DRB1*04:01;0,0936503334299797;0,0935794542536116;0,094311377245509;1,00555639352533;0,732853137815109;1,37973573201071;0,972613855893991;0,980395115553624;PMR-GCA;-0,0140609527607385;-0,816616227503409;0,795184158785254;0,9804;0,983;0,112654773371302;1,48300583835145;1,39220661104974;1,57380506565316;1,74579999999999e-36
DRB1*04:01;0,0936503334299797;0,0935794542536116;0,094311377245509;1,00555639352533;0,732853137815109;1,37973573201071;0,972613855893991;0,980395115553624;CD;0,0118788869233458;-0,679079040546177;0,707604940012404;0,969;0,983;0,112654773371302;0,627219324295782;0,561082759687191;0,693355888904372;4,303e-18
DRB1*04:01;0,0936503334299797;0,0935794542536116;0,094311377245509;1,00555639352533;0,732853137815109;1,37973573201071;0,972613855893991;0,980395115553624;RA;-0,0128679137017674;-0,760100497820617;0,730211360025345;0,973;0,983;0,112654773371302;1,53819092212288;1,47572012809216;1,60066171615361;6,43146999999999e-96
DRB1*04:04;0,0323282110756741;0,0313001605136437;0,0419161676646707;1,37441238771375;0,9092177125151;2,07762055831006;0,131411840517095;0,62670007715933;AD;2,48781896018468;-0,749878257663758;7,64260609071248;0,1346;0,635254901960784;0,032;0,88;0,82;0,94;0,00013
DRB1*04:04;0,0323282110756741;0,0313001605136437;0,0419161676646707;1,37441238771375;0,9092177125151;2,07762055831006;0,131411840517095;0,62670007715933;PMR-GCA;-0,363367666134561;-0,836569560704768;0,120992786837001;0,1398;0,635254901960784;0,0422779662278803;2,39940070518691;2,20662718994653;2,59217422042729;3,79436e-101
DRB1*04:04;0,0323282110756741;0,0313001605136437;0,0419161676646707;1,37441238771375;0,9092177125151;2,07762055831006;0,131411840517095;0,62670007715933;UC;0,703864261449849;-0,224860108239548;1,71934918355338;0,1368;0,635254901960784;0,0422779662278803;0,636462995592457;0,565898750607438;0,707027240577475;1,37473e-15
DRB1*04:04;0,0323282110756741;0,0313001605136437;0,0419161676646707;1,37441238771375;0,9092177125151;2,07762055831006;0,131411840517095;0,62670007715933;Asthma;-3,43763887655382;-8,82092441265129;1,04774406601016;0,1366;0,635254901960784;0,0422779662278803;1,09692740152383;1,06420259084579;1,12965221220188;1,21573e-09
DRB1*04:04;0,0323282110756741;0,0313001605136437;0,0419161676646707;1,37441238771375;0,9092177125151;2,07762055831006;0,131411840517095;0,62670007715933;RA;-0,818764862408988;-1,94940595935838;0,223342566257174;0,1224;0,635254901960784;0,0422779662278803;1,47465195612614;1,382577991206;1,56672592104627;3,38066e-34
DRB1*04:04;0,0323282110756741;0,0313001605136437;0,0419161676646707;1,37441238771375;0,9092177125151;2,07762055831006;0,131411840517095;0,62670007715933;ATD;-2,13990516149985;-5,28061147589581;0,687284770858409;0,1294;0,635254901960784;0,0422779662278803;1,16022853657233;1,11524786848367;1,205209204661;5,75457e-14
DRB1*07:01;0,103073354595535;0,103531300160514;0,0988023952095808;0,969680445599119;0,743963238452601;1,26387987736199;0,819847041998182;0,948450499566524;T1D;-0,0820909391873565;-0,807068755300923;0,622555070952403;0,8082;0,968107317073171;0,143151118369929;0,687250791669009;0,630604914886578;0,743896668451441;4,71543e-19
DRB1*07:01;0,103073354595535;0,103531300160514;0,0988023952095808;0,969680445599119;0,743963238452601;1,26387987736199;0,819847041998182;0,948450499566524;Psoriasis;0,0600127462553372;-0,456430906959328;0,579455873903757;0,8046;0,968107317073171;0,143151118369929;1,67035470152741;1,58942401181277;1,75128539124206;1,12399e-95
DRB1*07:01;0,103073354595535;0,103531300160514;0,0988023952095808;0,969680445599119;0,743963238452601;1,26387987736199;0,819847041998182;0,948450499566524;ATD;-0,190561864279147;-1,85461128147457;1,44474491246766;0,7972;0,968107317073171;0,143151118369929;0,850808674508393;0,826375219058554;0,875242129958231;2,83230999999999e-28
DRB1*07:01;0,103073354595535;0,103531300160514;0,0988023952095808;0,969680445599119;0,743963238452601;1,26387987736199;0,819847041998182;0,948450499566524;PMR-GCA;-0,0887221036235338;-0,888693543964452;0,691307784840966;0,8238;0,968589090909091;0,143151118369929;0,70678836513343;0,650869135605357;0,762707594661503;8,18703e-18
DRB1*07:01;0,103073354595535;0,103531300160514;0,0988023952095808;0,969680445599119;0,743963238452601;1,26387987736199;0,819847041998182;0,948450499566524;CD;0,0842203863191571;-0,649378765654827;0,846738893528677;0,8152;0,968107317073171;0,143151118369929;1,44133965920232;1,31555256345766;1,56712675494698;2,20504e-16
DRB1*07:01;0,103073354595535;0,103531300160514;0,0988023952095808;0,969680445599119;0,743963238452601;1,26387987736199;0,819847041998182;0,948450499566524;RA;-0,103440662020834;-1,00956146682247;0,781744681319229;0,8066;0,968107317073171;0,143151118369929;0,742564160938651;0,704114723331444;0,781013598545859;1,91796e-29
DRB1*11:01;0,0674108437228182;0,0667736757624398;0,0733532934131736;1,15101402014671;0,833745913588121;1,58901321491667;0,39263848609275;0,757881018917359;RA;0,458850911238222;-0,611762844597756;1,59004668486318;0,392;0,768609523809524;0,0413357157148773;0,736009686010135;0,679281710020516;0,792737661999753;6,46183e-15
DRB1*11:01;0,0674108437228182;0,0667736757624398;0,0733532934131736;1,15101402014671;0,833745913588121;1,58901321491667;0,39263848609275;0,757881018917359;Asthma;-1,13650241618613;-3,94960388525602;1,50562267857672;0,3944;0,768609523809524;0,0413357157148773;1,13173403413744;1,09784439429328;1,1656236739816;5,49852e-16
DRB1*13:01;0,0761090171064076;0,0754414125200642;0,0823353293413174;1,10843271862252;0,823854176078728;1,49131135993114;0,496474058140522;0,836913412294023;Asthma;0,624477882459682;-1,19843984932825;2,43812822066479;0,51;0,880591304347826;0,0504069126289487;0,848018353623933;0,823483859744961;0,872552847502905;5,84266999999999e-29
DRB1*13:01;0,0761090171064076;0,0754414125200642;0,0823353293413174;1,10843271862252;0,823854176078728;1,49131135993114;0,496474058140522;0,836913412294023;RA;0,382964750450591;-0,72173625045415;1,53599028900673;0,5078;0,880591304347826;0,0504069126289487;0,764283870943449;0,71163978391338;0,816927957973517;2,0222e-14
DRB1*13:01;0,0761090171064076;0,0754414125200642;0,0823353293413174;1,10843271862252;0,823854176078728;1,49131135993114;0,496474058140522;0,836913412294023;ATD;0,638423414017352;-1,28614795686259;2,61156629339017;0,4904;0,864887272727273;0,0504069126289487;0,851077572533188;0,818779587172788;0,883375557893587;8,21434e-17
DRB1*13:01;0,0761090171064076;0,0754414125200642;0,0823353293413174;1,10843271862252;0,823854176078728;1,49131135993114;0,496474058140522;0,836913412294023;CD;0,18001701835916;-0,336552961898781;0,742497866736187;0,4808;0,855735779816514;0,0504069126289487;0,564466636435001;0,481327406751766;0,647605866118236;2,73887e-14
DRB1*13:02;0,0588576398956219;0,0590690208667737;0,0568862275449102;0,940820901563957;0,660076946211758;1,3409708881662;0,73583339369511;0,948450499566524;RA;-0,260588587052865;-1,87639914792344;1,34915344517599;0,7536;0,968107317073171;0,0382588606446389;0,791286640093981;0,729381595864852;0,853191684323109;4,49404e-09
DRB1*13:02;0,0588576398956219;0,0590690208667737;0,0568862275449102;0,940820901563957;0,660076946211758;1,3409708881662;0,73583339369511;0,948450499566524;ATD;-0,248562613982261;-1,74298349751546;1,23551033344778;0,73;0,968107317073171;0,0382588606446389;0,782375088985203;0,747766539153921;0,816983638816485;1,53134e-27
DRB1*13:02;0,0588576398956219;0,0590690208667737;0,0568862275449102;0,940820901563957;0,660076946211758;1,3409708881662;0,73583339369511;0,948450499566524;Asthma;-0,48619567611235;-3,46795399380785;2,43285737573199;0,7284;0,968107317073171;0,0382588606446389;0,882083108579562;0,853112217944646;0,911053999214479;7,01807e-14
DRB1*15:01;0,150043490866918;0,151364365971108;0,137724550898204;0,900800515128903;0,634092176438507;1,27969023780439;0,559742093272065;0,869073250080311;RA;-0,436341290167918;-1,96935653964595;1,06531540290838;0,5602;0,898171900826446;0,144541228694668;0,787079515071104;0,753575680970808;0,8205833491714;2,92553e-28
DRB1*15:01;0,150043490866918;0,151364365971108;0,137724550898204;0,900800515128903;0,634092176438507;1,27969023780439;0,559742093272065;0,869073250080311;AS;-0,274997235429703;-1,25964047548967;0,643601758988352;0,5578;0,898171900826446;0,144541228694668;0,683929798772698;0,609529234257393;0,758330363288003;7,65512e-12
DRB1*15:01;0,150043490866918;0,151364365971108;0,137724550898204;0,900800515128903;0,634092176438507;1,27969023780439;0,559742093272065;0,869073250080311;PMR-GCA;-0,385112707546748;-1,73644154545769;0,937626216302159;0,5702;0,899339837398374;0,144541228694668;0,762406805702347;0,713351356091858;0,811462255312837;1,41506e-16
DRB1*15:01;0,150043490866918;0,151364365971108;0,137724550898204;0,900800515128903;0,634092176438507;1,27969023780439;0,559742093272065;0,869073250080311;T1D;-0,179316573790903;-0,78684257250466;0,418215392818903;0,5588;0,898171900826446;0,144541228694668;0,55843949565167;0,518049823026747;0,598829168276593;3,73679e-56
DRB1*15:01;0,150043490866918;0,151364365971108;0,137724550898204;0,900800515128903;0,634092176438507;1,27969023780439;0,559742093272065;0,869073250080311;MS;0,133108558020924;-0,306237060470116;0,572325361710308;0,533;0,887094017094017;0,144541228694668;2,19209783314717;2,04087780548969;2,34331786080465;3,71942e-110
DRB1*15:01;0,150043490866918;0,151364365971108;0,137724550898204;0,900800515128903;0,634092176438507;1,27969023780439;0,559742093272065;0,869073250080311;ATD;-0,508948987619874;-2,21748207245937;1,21930954198866;0,5678;0,899339837398374;0,144541228694668;0,814428205755004;0,794747678471448;0,834108733038561;3,06404e-62
